-- phpMyAdmin SQL Dump
-- version 4.2.7
-- http://www.phpmyadmin.net
--
-- Servidor: localhost
-- Tiempo de generación: 14-05-2015 a las 13:12:21
-- Versión del servidor: 5.6.20
-- Versión de PHP: 5.5.20

SET SQL_MODE = "NO_AUTO_VALUE_ON_ZERO";
SET time_zone = "+00:00";


/*!40101 SET @OLD_CHARACTER_SET_CLIENT=@@CHARACTER_SET_CLIENT */;
/*!40101 SET @OLD_CHARACTER_SET_RESULTS=@@CHARACTER_SET_RESULTS */;
/*!40101 SET @OLD_COLLATION_CONNECTION=@@COLLATION_CONNECTION */;
/*!40101 SET NAMES utf8 */;

--
-- Base de datos: `bookingfy`
--

-- --------------------------------------------------------

--
-- Estructura de tabla para la tabla `deporte`
--

DROP TABLE IF EXISTS `deporte`;
CREATE TABLE IF NOT EXISTS `deporte` (
`id` int(6) NOT NULL,
  `nombre` varchar(50) NOT NULL
) ENGINE=InnoDB  DEFAULT CHARSET=utf8 AUTO_INCREMENT=9 ;

--
-- Volcado de datos para la tabla `deporte`
--

INSERT INTO `deporte` (`id`, `nombre`) VALUES
(1, 'Hockey'),
(2, 'Futbol-11'),
(3, 'Baloncesto'),
(4, 'Tenis'),
(5, 'Padel'),
(6, 'Futbol-Sala'),
(7, 'Voley-Playa'),
(8, 'Voleybal');

-- --------------------------------------------------------

--
-- Estructura de tabla para la tabla `horarios`
--

DROP TABLE IF EXISTS `horarios`;
CREATE TABLE IF NOT EXISTS `horarios` (
`id` int(6) NOT NULL,
  `inicio` varchar(5) NOT NULL
) ENGINE=InnoDB  DEFAULT CHARSET=utf8 AUTO_INCREMENT=14 ;

--
-- Volcado de datos para la tabla `horarios`
--

INSERT INTO `horarios` (`id`, `inicio`) VALUES
(1, '09:00'),
(2, '10:00'),
(3, '11:00'),
(4, '12:00'),
(5, '13:00'),
(6, '14:00'),
(7, '15:00'),
(8, '16:00'),
(9, '17:00'),
(10, '18:00'),
(11, '19:00'),
(12, '20:00'),
(13, '21:00');

-- --------------------------------------------------------

--
-- Estructura de tabla para la tabla `pistas`
--

DROP TABLE IF EXISTS `pistas`;
CREATE TABLE IF NOT EXISTS `pistas` (
`id` int(6) NOT NULL,
  `nombre` varchar(50) NOT NULL,
  `id_deporte` int(6) NOT NULL,
  `precio_pista` float NOT NULL,
  `precio_luz` float NOT NULL
) ENGINE=InnoDB  DEFAULT CHARSET=utf8 AUTO_INCREMENT=4 ;

--
-- Volcado de datos para la tabla `pistas`
--

INSERT INTO `pistas` (`id`, `nombre`, `id_deporte`, `precio_pista`, `precio_luz`) VALUES
(1, 'nombreEjemploPista', 1, 10, 6),
(2, 'hierba', 2, 10, 5.5),
(3, 'cristal', 2, 8, 5);

-- --------------------------------------------------------

--
-- Estructura de tabla para la tabla `reservas`
--

DROP TABLE IF EXISTS `reservas`;
CREATE TABLE IF NOT EXISTS `reservas` (
`id` int(6) NOT NULL,
  `id_usuario` int(6) NOT NULL,
  `id_pista` int(6) NOT NULL,
  `id_hora` int(6) NOT NULL,
  `fecha_pista` date NOT NULL,
  `luz` int(1) NOT NULL,
  `fecha_log` timestamp NOT NULL DEFAULT CURRENT_TIMESTAMP,
  `anulado` int(1) NOT NULL DEFAULT '0'
) ENGINE=InnoDB  DEFAULT CHARSET=utf8 AUTO_INCREMENT=536 ;

--
-- Volcado de datos para la tabla `reservas`
--

INSERT INTO `reservas` (`id`, `id_usuario`, `id_pista`, `id_hora`, `fecha_pista`, `luz`, `fecha_log`, `anulado`) VALUES
(3, 20, 2, 4, '2015-04-28', 0, '2015-04-28 09:08:15', 0),
(4, 20, 3, 4, '2015-05-28', 0, '2015-04-28 09:08:28', 0),
(5, 21, 2, 5, '2015-04-28', 0, '2015-04-28 09:08:51', 1),
(6, 20, 2, 7, '2015-04-28', 0, '2015-04-28 09:09:06', 0),
(10, 20, 3, 6, '2015-04-29', 1, '2015-04-28 22:38:24', 0),
(11, 20, 3, 7, '2015-04-29', 1, '2015-04-28 22:38:34', 0),
(12, 21, 2, 8, '2015-04-29', 1, '2015-04-28 22:39:25', 0),
(13, 21, 2, 9, '2015-04-29', 1, '2015-04-28 22:39:30', 0),
(14, 21, 2, 11, '2015-04-29', 1, '2015-04-28 22:39:34', 0),
(15, 21, 2, 2, '2015-04-29', 1, '2015-04-28 22:39:38', 0),
(16, 20, 3, 1, '2015-04-29', 0, '2015-04-29 00:53:26', 0),
(18, 20, 1, 1, '2015-04-29', 0, '2015-04-29 00:57:17', 0),
(20, 20, 2, 3, '2015-04-30', 0, '2015-04-29 00:58:25', 0),
(22, 20, 2, 12, '2015-12-06', 0, '2015-04-29 01:09:02', 0),
(23, 20, 2, 11, '2016-02-28', 0, '2015-04-29 01:09:33', 0),
(25, 20, 2, 1, '2015-04-29', 0, '2015-04-29 10:43:50', 0),
(28, 20, 2, 3, '2015-04-29', 0, '2015-04-29 10:44:13', 0),
(29, 20, 3, 4, '2015-05-01', 0, '2015-05-01 04:39:43', 0),
(31, 20, 3, 7, '2015-05-01', 0, '2015-05-01 04:39:48', 0),
(33, 20, 3, 13, '2015-05-01', 0, '2015-05-01 04:39:54', 0),
(34, 20, 2, 1, '2015-05-04', 0, '2015-05-04 18:41:18', 0),
(36, 20, 3, 2, '2015-05-04', 0, '2015-05-04 18:41:21', 0),
(38, 20, 2, 5, '2015-05-04', 0, '2015-05-04 18:41:23', 0),
(41, 20, 3, 9, '2015-05-04', 0, '2015-05-04 18:41:25', 0),
(46, 20, 3, 11, '2015-05-04', 0, '2015-05-04 18:41:29', 0),
(49, 20, 2, 3, '2015-05-04', 0, '2015-05-04 19:02:02', 0),
(50, 20, 2, 13, '2015-05-04', 0, '2015-05-04 19:02:09', 0),
(51, 20, 3, 1, '2015-05-04', 0, '2015-05-04 19:35:10', 0),
(52, 20, 2, 9, '2015-05-04', 0, '2015-05-04 19:35:28', 0),
(53, 20, 2, 2, '2015-05-04', 0, '2015-05-04 19:45:14', 0),
(54, 20, 2, 13, '2015-05-09', 0, '2015-05-04 19:45:24', 1),
(55, 20, 2, 1, '2015-05-09', 0, '2015-05-04 19:47:33', 1),
(57, 20, 3, 3, '2015-05-09', 0, '2015-05-04 19:47:51', 0),
(58, 20, 2, 4, '2015-05-04', 0, '2015-05-04 20:37:09', 0),
(59, 20, 3, 3, '2015-05-04', 0, '2015-05-04 20:37:17', 0),
(64, 20, 3, 5, '2015-05-04', 0, '2015-05-04 20:37:28', 0),
(68, 20, 2, 11, '2015-05-04', 0, '2015-05-04 20:37:35', 0),
(73, 20, 2, 3, '2015-05-05', 0, '2015-05-04 20:37:43', 1),
(79, 20, 3, 1, '2015-05-05', 0, '2015-05-04 20:37:49', 0),
(86, 20, 3, 1, '2015-05-23', 0, '2015-05-04 20:37:58', 0),
(94, 20, 2, 1, '2015-05-23', 0, '2015-05-04 20:38:06', 0),
(103, 20, 3, 10, '2015-05-23', 0, '2015-05-04 20:38:25', 0),
(113, 20, 2, 6, '2015-05-23', 0, '2015-05-04 20:38:31', 0),
(114, 20, 2, 6, '2015-05-04', 0, '2015-05-04 20:49:55', 0),
(115, 20, 1, 7, '2015-05-04', 0, '2015-05-04 20:57:08', 0),
(117, 20, 1, 4, '2015-05-04', 0, '2015-05-04 20:57:16', 0),
(120, 20, 1, 2, '2015-05-04', 0, '2015-05-04 20:57:21', 0),
(121, 20, 1, 1, '2015-05-04', 0, '2015-05-04 20:58:12', 0),
(123, 20, 1, 3, '2015-05-04', 0, '2015-05-04 20:58:18', 0),
(126, 20, 1, 5, '2015-05-04', 0, '2015-05-04 20:58:31', 0),
(130, 20, 1, 11, '2015-05-04', 0, '2015-05-04 20:58:37', 0),
(135, 20, 1, 6, '2015-05-04', 0, '2015-05-04 21:02:41', 0),
(141, 20, 1, 8, '2015-05-04', 0, '2015-05-04 21:03:09', 0),
(148, 9, 3, 4, '2015-05-04', 0, '2015-05-04 21:08:22', 0),
(156, 9, 3, 7, '2015-05-04', 0, '2015-05-04 21:08:31', 0),
(157, 9, 2, 1, '2015-05-05', 0, '2015-05-04 22:31:45', 0),
(158, 9, 2, 1, '2015-05-08', 0, '2015-05-04 22:32:43', 0),
(160, 9, 2, 9, '2015-05-08', 0, '2015-05-04 22:32:49', 0),
(163, 9, 3, 1, '2015-05-08', 0, '2015-05-04 22:33:25', 0),
(168, 9, 3, 2, '2015-05-08', 0, '2015-05-04 22:33:38', 0),
(169, 9, 2, 2, '2015-05-08', 0, '2015-05-04 22:34:41', 0),
(170, 9, 2, 3, '2015-05-08', 0, '2015-05-04 22:36:42', 0),
(172, 9, 3, 13, '2015-05-08', 0, '2015-05-04 22:36:53', 0),
(173, 9, 3, 3, '2015-05-08', 0, '2015-05-04 22:37:47', 0),
(174, 9, 3, 4, '2015-05-08', 0, '2015-05-04 22:39:35', 0),
(175, 9, 2, 13, '2015-05-08', 0, '2015-05-04 22:41:15', 0),
(176, 9, 2, 12, '2015-05-08', 0, '2015-05-04 22:42:05', 0),
(178, 9, 3, 12, '2015-05-08', 0, '2015-05-04 22:48:53', 0),
(179, 9, 3, 7, '2015-05-08', 0, '2015-05-04 22:49:58', 0),
(180, 9, 3, 6, '2015-05-08', 0, '2015-05-04 22:50:45', 0),
(181, 20, 2, 2, '2015-05-05', 0, '2015-05-05 11:17:34', 0),
(183, 20, 3, 2, '2015-05-05', 0, '2015-05-05 11:17:41', 0),
(186, 20, 3, 3, '2015-05-05', 0, '2015-05-05 11:22:34', 1),
(187, 20, 2, 4, '2015-05-05', 0, '2015-05-05 21:11:13', 0),
(189, 20, 3, 4, '2015-05-05', 0, '2015-05-05 21:11:26', 0),
(190, 20, 3, 5, '2015-05-05', 0, '2015-05-05 21:27:30', 0),
(191, 20, 3, 13, '2015-05-05', 0, '2015-05-05 21:27:30', 1),
(192, 20, 3, 13, '2015-05-05', 0, '2015-05-05 21:28:21', 0),
(193, 20, 2, 2, '2015-05-09', 0, '2015-05-05 22:02:52', 1),
(195, 20, 2, 5, '2015-05-09', 0, '2015-05-05 22:02:58', 1),
(198, 20, 3, 2, '2015-05-09', 0, '2015-05-05 22:04:27', 1),
(202, 20, 3, 1, '2015-05-09', 0, '2015-05-05 22:04:33', 1),
(207, 20, 3, 4, '2015-05-09', 0, '2015-05-05 22:04:39', 1),
(213, 20, 2, 1, '2015-05-09', 0, '2015-05-05 22:06:21', 0),
(220, 20, 2, 3, '2015-05-09', 0, '2015-05-05 22:06:27', 1),
(228, 20, 3, 8, '2015-05-09', 0, '2015-05-05 22:06:32', 1),
(237, 20, 2, 6, '2015-05-09', 0, '2015-05-05 22:06:37', 1),
(246, 20, 2, 10, '2015-05-09', 0, '2015-05-05 22:06:43', 0),
(258, 20, 2, 9, '2015-05-09', 0, '2015-05-05 22:06:48', 0),
(270, 20, 2, 7, '2015-05-09', 0, '2015-05-05 22:06:53', 1),
(283, 20, 2, 4, '2015-05-09', 0, '2015-05-05 22:06:59', 1),
(297, 20, 3, 5, '2015-05-09', 0, '2015-05-05 22:07:05', 1),
(312, 20, 3, 10, '2015-05-09', 0, '2015-05-05 22:07:10', 0),
(328, 20, 3, 13, '2015-05-09', 0, '2015-05-05 22:07:16', 0),
(345, 20, 2, 12, '2015-05-09', 0, '2015-05-05 22:07:21', 0),
(363, 20, 2, 13, '2015-05-09', 0, '2015-05-05 22:07:27', 0),
(382, 20, 2, 11, '2015-05-09', 0, '2015-05-05 22:07:32', 0),
(402, 20, 2, 8, '2015-05-09', 0, '2015-05-05 22:07:37', 1),
(403, 20, 2, 1, '2015-05-10', 0, '2015-05-05 22:12:03', 1),
(404, 20, 2, 1, '2015-05-06', 0, '2015-05-06 09:54:26', 1),
(405, 20, 2, 1, '2015-05-06', 0, '2015-05-06 09:54:36', 0),
(406, 20, 3, 2, '2015-05-06', 0, '2015-05-06 09:54:36', 1),
(407, 20, 3, 2, '2015-05-06', 0, '2015-05-06 09:54:54', 0),
(409, 20, 2, 2, '2015-05-06', 0, '2015-05-06 09:54:54', 0),
(412, 20, 3, 1, '2015-05-06', 0, '2015-05-06 09:55:18', 1),
(414, 20, 3, 3, '2015-05-06', 0, '2015-05-06 09:55:44', 1),
(416, 20, 2, 3, '2015-05-06', 0, '2015-05-06 09:55:50', 1),
(417, 20, 3, 1, '2015-05-06', 0, '2015-05-06 10:05:04', 0),
(419, 20, 2, 3, '2015-05-06', 0, '2015-05-06 10:05:10', 0),
(421, 20, 3, 4, '2015-05-06', 0, '2015-05-06 10:05:39', 1),
(426, 20, 3, 5, '2015-05-06', 0, '2015-05-06 10:05:44', 1),
(427, 20, 3, 3, '2015-05-06', 0, '2015-05-06 10:10:14', 0),
(429, 20, 2, 4, '2015-05-06', 0, '2015-05-06 10:10:20', 1),
(431, 20, 2, 4, '2015-05-06', 0, '2015-05-06 10:10:42', 0),
(432, 20, 2, 5, '2015-05-06', 0, '2015-05-06 10:10:42', 1),
(433, 20, 3, 11, '2015-05-06', 0, '2015-05-06 18:13:45', 0),
(435, 20, 3, 13, '2015-05-06', 0, '2015-05-06 18:13:51', 0),
(436, 20, 3, 7, '2015-05-06', 0, '2015-05-06 19:55:53', 0),
(437, 20, 3, 9, '2015-05-06', 0, '2015-05-06 20:00:43', 0),
(438, 20, 2, 7, '2015-05-29', 0, '2015-05-12 14:10:34', 0),
(439, 20, 2, 8, '2015-05-29', 0, '2015-05-12 14:10:40', 0),
(440, 20, 2, 3, '2015-05-29', 0, '2015-05-12 14:10:45', 0),
(441, 20, 2, 4, '2015-05-29', 0, '2015-05-12 14:10:57', 0),
(442, 20, 3, 1, '2015-05-12', 0, '2015-05-12 14:37:04', 0),
(443, 20, 2, 2, '2015-05-12', 0, '2015-05-12 16:59:20', 0),
(444, 20, 2, 1, '2015-05-12', 0, '2015-05-12 18:33:09', 0),
(445, 20, 3, 12, '2015-05-15', 0, '2015-05-12 19:02:15', 1),
(446, 20, 2, 5, '2015-05-15', 0, '2015-05-12 19:02:22', 1),
(447, 20, 3, 6, '2015-05-12', 0, '2015-05-12 21:16:56', 0),
(448, 20, 2, 8, '2015-05-12', 1, '2015-05-12 21:17:02', 0),
(449, 20, 2, 1, '2015-05-13', 0, '2015-05-13 10:16:42', 1),
(450, 20, 3, 2, '2015-05-13', 0, '2015-05-13 10:16:51', 0),
(451, 20, 3, 1, '2015-05-13', 1, '2015-05-13 10:16:57', 0),
(452, 20, 2, 1, '2015-05-14', 0, '2015-05-14 10:09:31', 1),
(453, 20, 2, 2, '2015-05-14', 0, '2015-05-14 10:09:34', 1),
(454, 20, 2, 1, '2015-05-14', 0, '2015-05-14 10:16:14', 1),
(455, 20, 3, 1, '2015-05-14', 0, '2015-05-14 10:16:56', 1),
(457, 20, 3, 2, '2015-05-14', 0, '2015-05-14 10:17:03', 1),
(459, 20, 3, 3, '2015-05-14', 0, '2015-05-14 10:17:07', 1),
(460, 20, 2, 3, '2015-05-14', 0, '2015-05-14 10:17:51', 1),
(461, 20, 2, 6, '2015-05-14', 0, '2015-05-14 10:18:01', 1),
(464, 20, 2, 4, '2015-05-14', 0, '2015-05-14 10:39:46', 1),
(465, 20, 3, 4, '2015-05-14', 0, '2015-05-14 10:39:56', 1),
(466, 20, 3, 5, '2015-05-14', 0, '2015-05-14 10:43:42', 1),
(467, 20, 1, 1, '2015-05-14', 0, '2015-05-14 10:44:29', 1),
(468, 20, 1, 2, '2015-05-14', 0, '2015-05-14 10:45:21', 1),
(469, 20, 1, 3, '2015-05-14', 0, '2015-05-14 10:47:15', 1),
(470, 20, 2, 8, '2015-05-14', 0, '2015-05-14 10:49:53', 0),
(472, 20, 3, 8, '2015-05-14', 0, '2015-05-14 10:49:58', 0),
(473, 20, 2, 13, '2015-05-14', 0, '2015-05-14 10:50:34', 0),
(474, 20, 2, 5, '2015-05-14', 0, '2015-05-14 10:50:59', 1),
(475, 20, 2, 7, '2015-05-14', 0, '2015-05-14 10:51:21', 1),
(476, 20, 3, 6, '2015-05-14', 0, '2015-05-14 10:51:56', 1),
(478, 20, 3, 7, '2015-05-14', 0, '2015-05-14 10:52:02', 1),
(480, 20, 2, 12, '2015-05-14', 0, '2015-05-14 10:52:15', 0),
(481, 20, 1, 4, '2015-05-14', 0, '2015-05-14 10:52:15', 1),
(484, 20, 2, 9, '2015-05-14', 0, '2015-05-14 10:52:31', 1),
(486, 20, 2, 11, '2015-05-14', 0, '2015-05-14 10:52:45', 1),
(488, 20, 2, 10, '2015-05-14', 0, '2015-05-14 10:52:53', 1),
(489, 20, 3, 9, '2015-05-14', 0, '2015-05-14 10:53:14', 1),
(491, 20, 3, 10, '2015-05-14', 0, '2015-05-14 10:53:22', 1),
(492, 20, 3, 1, '2015-05-14', 0, '2015-05-14 10:55:22', 1),
(494, 20, 3, 10, '2015-05-14', 0, '2015-05-14 10:55:31', 1),
(496, 20, 3, 13, '2015-05-14', 0, '2015-05-14 10:55:40', 0),
(498, 20, 3, 11, '2015-05-14', 0, '2015-05-14 10:55:49', 0),
(499, 20, 3, 12, '2015-05-14', 0, '2015-05-14 10:57:02', 0),
(500, 20, 2, 5, '2015-05-14', 0, '2015-05-14 10:57:30', 1),
(501, 20, 2, 3, '2015-05-14', 0, '2015-05-14 10:57:35', 1),
(502, 20, 2, 2, '2015-05-14', 0, '2015-05-14 10:57:41', 1),
(503, 20, 3, 2, '2015-05-14', 0, '2015-05-14 11:00:27', 0),
(504, 20, 3, 6, '2015-05-14', 0, '2015-05-14 11:15:25', 0),
(505, 20, 3, 2, '2015-05-15', 0, '2015-05-14 11:15:33', 1),
(506, 20, 2, 7, '2015-05-15', 0, '2015-05-14 11:15:44', 1),
(507, 20, 2, 4, '2015-05-15', 0, '2015-05-14 11:16:25', 1),
(508, 20, 2, 11, '2015-05-15', 0, '2015-05-14 11:24:47', 1),
(509, 20, 2, 1, '2015-05-15', 0, '2015-05-14 11:25:14', 1),
(510, 20, 2, 1, '2015-05-15', 0, '2015-05-14 11:36:49', 0),
(511, 20, 2, 3, '2015-05-15', 0, '2015-05-14 11:36:54', 1),
(512, 20, 3, 2, '2015-05-15', 0, '2015-05-14 11:37:16', 0),
(513, 20, 2, 4, '2015-05-15', 0, '2015-05-14 11:37:21', 0),
(514, 20, 2, 2, '2015-05-15', 0, '2015-05-14 11:41:11', 0),
(515, 20, 2, 9, '2015-05-15', 0, '2015-05-14 11:41:24', 1),
(516, 20, 2, 6, '2015-05-15', 0, '2015-05-14 11:41:38', 1),
(517, 20, 3, 8, '2015-05-15', 0, '2015-05-14 11:44:53', 1),
(518, 20, 2, 10, '2015-05-15', 0, '2015-05-14 11:44:57', 1),
(519, 20, 2, 7, '2015-05-15', 0, '2015-05-14 11:45:03', 0),
(520, 20, 1, 1, '2015-05-14', 0, '2015-05-14 11:45:17', 1),
(521, 20, 1, 8, '2015-05-14', 0, '2015-05-14 11:45:23', 1),
(522, 20, 1, 5, '2015-05-14', 0, '2015-05-14 12:19:38', 1),
(523, 20, 2, 9, '2015-05-14', 1, '2015-05-14 12:35:37', 1),
(524, 20, 2, 1, '2015-05-14', 0, '2015-05-14 13:10:02', 1),
(525, 20, 3, 1, '2015-05-14', 0, '2015-05-14 13:10:06', 1),
(526, 20, 2, 1, '2015-05-14', 0, '2015-05-14 13:10:17', 1),
(527, 20, 3, 1, '2015-05-14', 0, '2015-05-14 13:10:22', 1),
(528, 20, 2, 1, '2015-05-14', 0, '2015-05-14 13:10:36', 1),
(529, 20, 3, 1, '2015-05-14', 0, '2015-05-14 13:10:40', 1),
(530, 20, 2, 1, '2015-05-14', 0, '2015-05-14 13:10:53', 0),
(531, 20, 3, 1, '2015-05-14', 0, '2015-05-14 13:10:56', 1),
(532, 20, 3, 7, '2015-05-14', 0, '2015-05-14 13:11:05', 1),
(533, 20, 2, 2, '2015-05-14', 0, '2015-05-14 13:11:08', 0),
(534, 20, 2, 9, '2015-05-14', 0, '2015-05-14 13:11:13', 0),
(535, 20, 2, 3, '2015-05-14', 0, '2015-05-14 13:11:48', 0);

-- --------------------------------------------------------

--
-- Estructura de tabla para la tabla `usuarios`
--

DROP TABLE IF EXISTS `usuarios`;
CREATE TABLE IF NOT EXISTS `usuarios` (
`id` int(6) NOT NULL,
  `nombre` varchar(50) NOT NULL,
  `apellidos` varchar(100) NOT NULL,
  `expediente` varchar(50) DEFAULT NULL,
  `dni` varchar(15) NOT NULL,
  `mail` varchar(50) NOT NULL,
  `password` varchar(50) NOT NULL,
  `rol` int(1) NOT NULL DEFAULT '0',
  `fecha_alta` timestamp NOT NULL DEFAULT CURRENT_TIMESTAMP
) ENGINE=InnoDB  DEFAULT CHARSET=utf8 AUTO_INCREMENT=122 ;

--
-- Volcado de datos para la tabla `usuarios`
--

INSERT INTO `usuarios` (`id`, `nombre`, `apellidos`, `expediente`, `dni`, `mail`, `password`, `rol`, `fecha_alta`) VALUES
(7, 'miguel', 'cacho', '12345', '12345', 'miguel@algosss.es', '7110eda4d09e062aa5e4a390b0a572ac0d2c0220', 0, '2015-04-23 16:15:32'),
(8, 'ignacio', 'rodriguez', '1234as56', '12344256h', 'ignacio@algo.com', '2891baceeef1652ee698294da0e71ba78a2a4064', 1, '2015-04-23 19:13:14'),
(9, 'moooo', 'mooooo', '1234567', '21563729X', 'asd@asd.es', '85136c79cbf9fe36bb9d05d0639c70c265c18d37', 0, '2015-04-25 17:38:54'),
(10, 'asdasd', 'asdadasd', 'asdasdasd', '98907669X', 'asdasdsad@asdasd.es', '00ea1da4192a2030f9ae023de3b3143ed647bbab', 0, '2015-04-25 18:19:40'),
(11, '31610079Y', '31610079Y', '31610079Y', '31610079Y', 'asdasdpldfldf@ssd.es', '4150953a511f9f6d74e17d5ac22e8be54e9fab56', 0, '2015-04-25 18:36:05'),
(12, 'pasodapasdpoas', 'poaskpadspdas', '52859219K', '52859219K', 'llsls@lalla.as', '34f52708e3fca185a73f1df15c66e40243b96396', 0, '2015-04-25 19:02:55'),
(13, 'mike', 'mikel', '61566285T', '61566285T', 'com@com.com', '66cf7687be65d43422741bf9606e626a559e1f82', 0, '2015-04-25 21:48:37'),
(14, 'miguel', 'cacho guinea', '123123123', '23366652x', 'perro@gato.es.com', '85136c79cbf9fe36bb9d05d0639c70c265c18d37', 0, '2015-04-26 23:39:22'),
(20, 'John', 'Doe', '12334566GHF', '82961091E', 'asd@asd.asd', '85136c79cbf9fe36bb9d05d0639c70c265c18d37', 0, '2015-04-27 13:47:03'),
(21, 'qweqweq', 'qweqweq', '59542020B', '59542020B', 'asdasd@ad.es', 'aab2caf6db2430ad5c18d1dc2901c50a6631707f', 0, '2015-04-27 13:59:31'),
(23, 'asdasdasd', 'asdasdasd', '25758840J', '25758840J', 'kskskkss@laspsffkd.es', 'a70792284ee6ac7380ec3b8381bdf8af6709414b', 0, '2015-04-27 22:06:39'),
(25, 'mooooo', 'moooooooo', '84967092D', '84967092D', 'testest@aaaa.sd', 'd517bd35dbbf55cc07d27f9980d2bb40a26de54c', 0, '2015-04-27 22:07:46'),
(95, 'mikel', 'moore', '2509320-001', '99823269A', 'mcacho@mimotic.com', '2891baceeef1652ee698294da0e71ba78a2a4064', 0, '2015-04-28 08:00:58'),
(96, 'carlos', 'el d elos cojonoes largos', '09784597Y', '09784597Y', 'carloslargos@hotmail.com', '2891baceeef1652ee698294da0e71ba78a2a4064', 0, '2015-04-28 08:05:38'),
(101, 'asdasdasd', 'sdfsdfsdfsdfd', '67799081A', '67799081A', 'adasdasd@aaaass.es', '4128046a9a4c34aa0efe12cc2c936e96f9369230', 0, '2015-04-29 01:00:52'),
(102, 'qweqweqeqweq', 'qeqweqwewqe', '29810481C', '29810481C', '29810481C@29810481C.es', '2e9df9708567d3d67b83b3d5d45ad87b76d2b217', 0, '2015-05-05 21:37:15'),
(113, '29810481C', '29810481C', '94247558K', '94247558K', '29810481C@asd.as', '2e9df9708567d3d67b83b3d5d45ad87b76d2b217', 0, '2015-05-05 21:38:19'),
(120, '77490183D', '77490183D', '77490183D', '77490183D', '77490183D@77490183D.es', 'cb2c90d514fa42946a07b74a365270128908bde3', 0, '2015-05-05 21:41:34'),
(121, '35196828C', '35196828C', '35196828C', '35196828C', '35196828C@35196828C.com', '56d1815265a1b4f9e4662fc888b1db23452b71e2', 0, '2015-05-13 10:04:47');

--
-- Índices para tablas volcadas
--

--
-- Indices de la tabla `deporte`
--
ALTER TABLE `deporte`
 ADD PRIMARY KEY (`id`);

--
-- Indices de la tabla `horarios`
--
ALTER TABLE `horarios`
 ADD PRIMARY KEY (`id`);

--
-- Indices de la tabla `pistas`
--
ALTER TABLE `pistas`
 ADD PRIMARY KEY (`id`), ADD KEY `FK_2227D407B47F08D` (`id_deporte`);

--
-- Indices de la tabla `reservas`
--
ALTER TABLE `reservas`
 ADD PRIMARY KEY (`id`), ADD KEY `FK_4FA1275DB47F08D` (`id_usuario`), ADD KEY `FK_5E0E26E8B47F08D` (`id_hora`), ADD KEY `cuatripla` (`id_pista`,`id_hora`,`fecha_pista`,`anulado`);

--
-- Indices de la tabla `usuarios`
--
ALTER TABLE `usuarios`
 ADD PRIMARY KEY (`id`), ADD UNIQUE KEY `dni` (`dni`), ADD UNIQUE KEY `mail` (`mail`), ADD UNIQUE KEY `expediente` (`expediente`);

--
-- AUTO_INCREMENT de las tablas volcadas
--

--
-- AUTO_INCREMENT de la tabla `deporte`
--
ALTER TABLE `deporte`
MODIFY `id` int(6) NOT NULL AUTO_INCREMENT,AUTO_INCREMENT=9;
--
-- AUTO_INCREMENT de la tabla `horarios`
--
ALTER TABLE `horarios`
MODIFY `id` int(6) NOT NULL AUTO_INCREMENT,AUTO_INCREMENT=14;
--
-- AUTO_INCREMENT de la tabla `pistas`
--
ALTER TABLE `pistas`
MODIFY `id` int(6) NOT NULL AUTO_INCREMENT,AUTO_INCREMENT=4;
--
-- AUTO_INCREMENT de la tabla `reservas`
--
ALTER TABLE `reservas`
MODIFY `id` int(6) NOT NULL AUTO_INCREMENT,AUTO_INCREMENT=536;
--
-- AUTO_INCREMENT de la tabla `usuarios`
--
ALTER TABLE `usuarios`
MODIFY `id` int(6) NOT NULL AUTO_INCREMENT,AUTO_INCREMENT=122;
--
-- Restricciones para tablas volcadas
--

--
-- Filtros para la tabla `pistas`
--
ALTER TABLE `pistas`
ADD CONSTRAINT `FK_2227D407B47F08D` FOREIGN KEY (`id_deporte`) REFERENCES `deporte` (`id`);

--
-- Filtros para la tabla `reservas`
--
ALTER TABLE `reservas`
ADD CONSTRAINT `FK_4FA1275DB47F08D` FOREIGN KEY (`id_usuario`) REFERENCES `usuarios` (`id`) ON DELETE CASCADE,
ADD CONSTRAINT `FK_5E0E26E8B47F08D` FOREIGN KEY (`id_hora`) REFERENCES `horarios` (`id`) ON DELETE CASCADE,
ADD CONSTRAINT `FK_CD55B27DB47F08D` FOREIGN KEY (`id_pista`) REFERENCES `pistas` (`id`) ON DELETE CASCADE;

/*!40101 SET CHARACTER_SET_CLIENT=@OLD_CHARACTER_SET_CLIENT */;
/*!40101 SET CHARACTER_SET_RESULTS=@OLD_CHARACTER_SET_RESULTS */;
/*!40101 SET COLLATION_CONNECTION=@OLD_COLLATION_CONNECTION */;
